{"data":{"file":{"childImageSharp":{"gatsbyImageData":{"layout":"fullWidth","backgroundColor":"#686868","images":{"fallback":{"src":"/static/012f4d1b7f6bd0580906de9df04fea0e/02313/heroimg.jpg","srcSet":"/static/012f4d1b7f6bd0580906de9df04fea0e/92368/heroimg.jpg 750w,\n/static/012f4d1b7f6bd0580906de9df04fea0e/8c915/heroimg.jpg 1080w,\n/static/012f4d1b7f6bd0580906de9df04fea0e/479cb/heroimg.jpg 1366w,\n/static/012f4d1b7f6bd0580906de9df04fea0e/02313/heroimg.jpg 1920w","sizes":"100vw"},"sources":[{"srcSet":"/static/012f4d1b7f6bd0580906de9df04fea0e/00366/heroimg.webp 750w,\n/static/012f4d1b7f6bd0580906de9df04fea0e/77071/heroimg.webp 1080w,\n/static/012f4d1b7f6bd0580906de9df04fea0e/79b2d/heroimg.webp 1366w,\n/static/012f4d1b7f6bd0580906de9df04fea0e/2e5d9/heroimg.webp 1920w","type":"image/webp","sizes":"100vw"}]},"width":1,"height":0.6671874999999999}}}}}