{"data":{"s1":{"childImageSharp":{"gatsbyImageData":{"layout":"constrained","backgroundColor":"#d8d8d8","images":{"fallback":{"src":"/static/a07e81d24eab5180be2cbaf29402d724/dcaf8/s1.jpg","srcSet":"/static/a07e81d24eab5180be2cbaf29402d724/bc8ca/s1.jpg 75w,\n/static/a07e81d24eab5180be2cbaf29402d724/10292/s1.jpg 150w,\n/static/a07e81d24eab5180be2cbaf29402d724/dcaf8/s1.jpg 300w,\n/static/a07e81d24eab5180be2cbaf29402d724/92b04/s1.jpg 600w","sizes":"(min-width: 300px) 300px, 100vw"},"sources":[{"srcSet":"/static/a07e81d24eab5180be2cbaf29402d724/bef47/s1.webp 75w,\n/static/a07e81d24eab5180be2cbaf29402d724/83645/s1.webp 150w,\n/static/a07e81d24eab5180be2cbaf29402d724/4fdb9/s1.webp 300w,\n/static/a07e81d24eab5180be2cbaf29402d724/6f6c7/s1.webp 600w","type":"image/webp","sizes":"(min-width: 300px) 300px, 100vw"}]},"width":300,"height":400}}},"s2":{"childImageSharp":{"gatsbyImageData":{"layout":"constrained","backgroundColor":"#a8a898","images":{"fallback":{"src":"/static/fb44dda11cc94237c65bd32f1cba97cc/dcaf8/s2.jpg","srcSet":"/static/fb44dda11cc94237c65bd32f1cba97cc/bc8ca/s2.jpg 75w,\n/static/fb44dda11cc94237c65bd32f1cba97cc/10292/s2.jpg 150w,\n/static/fb44dda11cc94237c65bd32f1cba97cc/dcaf8/s2.jpg 300w,\n/static/fb44dda11cc94237c65bd32f1cba97cc/92b04/s2.jpg 600w","sizes":"(min-width: 300px) 300px, 100vw"},"sources":[{"srcSet":"/static/fb44dda11cc94237c65bd32f1cba97cc/bef47/s2.webp 75w,\n/static/fb44dda11cc94237c65bd32f1cba97cc/83645/s2.webp 150w,\n/static/fb44dda11cc94237c65bd32f1cba97cc/4fdb9/s2.webp 300w,\n/static/fb44dda11cc94237c65bd32f1cba97cc/6f6c7/s2.webp 600w","type":"image/webp","sizes":"(min-width: 300px) 300px, 100vw"}]},"width":300,"height":400}}},"s3":{"childImageSharp":{"gatsbyImageData":{"layout":"constrained","backgroundColor":"#180808","images":{"fallback":{"src":"/static/bd4f740e4fd3a59d2ab91b57df264cf4/dcaf8/s3.jpg","srcSet":"/static/bd4f740e4fd3a59d2ab91b57df264cf4/bc8ca/s3.jpg 75w,\n/static/bd4f740e4fd3a59d2ab91b57df264cf4/10292/s3.jpg 150w,\n/static/bd4f740e4fd3a59d2ab91b57df264cf4/dcaf8/s3.jpg 300w,\n/static/bd4f740e4fd3a59d2ab91b57df264cf4/92b04/s3.jpg 600w","sizes":"(min-width: 300px) 300px, 100vw"},"sources":[{"srcSet":"/static/bd4f740e4fd3a59d2ab91b57df264cf4/bef47/s3.webp 75w,\n/static/bd4f740e4fd3a59d2ab91b57df264cf4/83645/s3.webp 150w,\n/static/bd4f740e4fd3a59d2ab91b57df264cf4/4fdb9/s3.webp 300w,\n/static/bd4f740e4fd3a59d2ab91b57df264cf4/6f6c7/s3.webp 600w","type":"image/webp","sizes":"(min-width: 300px) 300px, 100vw"}]},"width":300,"height":400}}},"s4":{"childImageSharp":{"gatsbyImageData":{"layout":"constrained","backgroundColor":"#d8d8b8","images":{"fallback":{"src":"/static/d044b9179b3fde9849ce03f4a6f9d4cb/dcaf8/s4.jpg","srcSet":"/static/d044b9179b3fde9849ce03f4a6f9d4cb/bc8ca/s4.jpg 75w,\n/static/d044b9179b3fde9849ce03f4a6f9d4cb/10292/s4.jpg 150w,\n/static/d044b9179b3fde9849ce03f4a6f9d4cb/dcaf8/s4.jpg 300w,\n/static/d044b9179b3fde9849ce03f4a6f9d4cb/92b04/s4.jpg 600w","sizes":"(min-width: 300px) 300px, 100vw"},"sources":[{"srcSet":"/static/d044b9179b3fde9849ce03f4a6f9d4cb/bef47/s4.webp 75w,\n/static/d044b9179b3fde9849ce03f4a6f9d4cb/83645/s4.webp 150w,\n/static/d044b9179b3fde9849ce03f4a6f9d4cb/4fdb9/s4.webp 300w,\n/static/d044b9179b3fde9849ce03f4a6f9d4cb/6f6c7/s4.webp 600w","type":"image/webp","sizes":"(min-width: 300px) 300px, 100vw"}]},"width":300,"height":400}}},"s5":{"childImageSharp":{"gatsbyImageData":{"layout":"constrained","backgroundColor":"#c8c8c8","images":{"fallback":{"src":"/static/5cccaf52674a01f69aba1afc2deb7cac/dcaf8/s5.jpg","srcSet":"/static/5cccaf52674a01f69aba1afc2deb7cac/bc8ca/s5.jpg 75w,\n/static/5cccaf52674a01f69aba1afc2deb7cac/10292/s5.jpg 150w,\n/static/5cccaf52674a01f69aba1afc2deb7cac/dcaf8/s5.jpg 300w,\n/static/5cccaf52674a01f69aba1afc2deb7cac/92b04/s5.jpg 600w","sizes":"(min-width: 300px) 300px, 100vw"},"sources":[{"srcSet":"/static/5cccaf52674a01f69aba1afc2deb7cac/bef47/s5.webp 75w,\n/static/5cccaf52674a01f69aba1afc2deb7cac/83645/s5.webp 150w,\n/static/5cccaf52674a01f69aba1afc2deb7cac/4fdb9/s5.webp 300w,\n/static/5cccaf52674a01f69aba1afc2deb7cac/6f6c7/s5.webp 600w","type":"image/webp","sizes":"(min-width: 300px) 300px, 100vw"}]},"width":300,"height":400}}},"s6":{"childImageSharp":{"gatsbyImageData":{"layout":"constrained","backgroundColor":"#d8d8d8","images":{"fallback":{"src":"/static/a53ccb66e4246745a205ab0659dadb07/ce258/s6.jpg","srcSet":"/static/a53ccb66e4246745a205ab0659dadb07/b615d/s6.jpg 75w,\n/static/a53ccb66e4246745a205ab0659dadb07/6ab43/s6.jpg 150w,\n/static/a53ccb66e4246745a205ab0659dadb07/ce258/s6.jpg 300w,\n/static/a53ccb66e4246745a205ab0659dadb07/7f08a/s6.jpg 600w","sizes":"(min-width: 300px) 300px, 100vw"},"sources":[{"srcSet":"/static/a53ccb66e4246745a205ab0659dadb07/f888b/s6.webp 75w,\n/static/a53ccb66e4246745a205ab0659dadb07/bed62/s6.webp 150w,\n/static/a53ccb66e4246745a205ab0659dadb07/182a5/s6.webp 300w,\n/static/a53ccb66e4246745a205ab0659dadb07/d6411/s6.webp 600w","type":"image/webp","sizes":"(min-width: 300px) 300px, 100vw"}]},"width":300,"height":233.99999999999997}}}}}