{"data":{"file":{"childImageSharp":{"gatsbyImageData":{"layout":"fullWidth","backgroundColor":"#080808","images":{"fallback":{"src":"/static/51f149249c96f9574059a20f1672ee01/501b9/logo.png","srcSet":"/static/51f149249c96f9574059a20f1672ee01/5b635/logo.png 750w,\n/static/51f149249c96f9574059a20f1672ee01/501b9/logo.png 971w","sizes":"100vw"},"sources":[{"srcSet":"/static/51f149249c96f9574059a20f1672ee01/d2992/logo.webp 750w,\n/static/51f149249c96f9574059a20f1672ee01/52310/logo.webp 971w","type":"image/webp","sizes":"100vw"}]},"width":1,"height":0.23171987641606592}}}}}