{"name":"build-javascript","namedChunkGroups":{"app":{"name":"app","assets":[{"name":"webpack-runtime-dd0ce412bea035705304.js","size":3770},{"name":"framework-9d608f77b5c9a88afabd.js","size":140350},{"name":"styles.a93859fa12995a3b1785.css","size":14703},{"name":"app-1484788836e680779608.js","size":79599}],"filteredAssets":0,"assetsSize":238422,"filteredAuxiliaryAssets":5,"auxiliaryAssetsSize":709662},"component---src-pages-404-js":{"name":"component---src-pages-404-js","assets":[{"name":"cb355538-5128e9946b3940bc3c75.js","size":2284},{"name":"commons-388b787665efe172d2a6.js","size":18244},{"name":"component---src-pages-404-js-a6a3a95ec527a98a22e7.js","size":1052}],"filteredAssets":0,"assetsSize":21580,"filteredAuxiliaryAssets":3,"auxiliaryAssetsSize":1509026},"component---src-pages-index-js":{"name":"component---src-pages-index-js","assets":[{"name":"cb355538-5128e9946b3940bc3c75.js","size":2284},{"name":"commons-388b787665efe172d2a6.js","size":18244},{"name":"component---src-pages-index-js-abcf5157c069a9cac280.js","size":29908}],"filteredAssets":0,"assetsSize":50436,"filteredAuxiliaryAssets":4,"auxiliaryAssetsSize":3839883}},"assetsByChunkName":{"app":["webpack-runtime-dd0ce412bea035705304.js","framework-9d608f77b5c9a88afabd.js","styles.a93859fa12995a3b1785.css","app-1484788836e680779608.js"],"component---src-pages-404-js":["cb355538-5128e9946b3940bc3c75.js","commons-388b787665efe172d2a6.js","component---src-pages-404-js-a6a3a95ec527a98a22e7.js"],"component---src-pages-index-js":["cb355538-5128e9946b3940bc3c75.js","commons-388b787665efe172d2a6.js","component---src-pages-index-js-abcf5157c069a9cac280.js"]},"childAssetsByChunkName":{}}