{"name":"build-javascript","namedChunkGroups":{"app":{"name":"app","assets":[{"name":"webpack-runtime-7b409c75e15a2b3d8729.js","size":3770},{"name":"framework-9d608f77b5c9a88afabd.js","size":140350},{"name":"styles.ddf42a4ca6b583361482.css","size":15815},{"name":"app-1484788836e680779608.js","size":79599}],"filteredAssets":0,"assetsSize":239534,"filteredAuxiliaryAssets":5,"auxiliaryAssetsSize":709657},"component---src-pages-404-js":{"name":"component---src-pages-404-js","assets":[{"name":"cb355538-5128e9946b3940bc3c75.js","size":2284},{"name":"commons-ede7dcb8cb6b931a832d.js","size":18330},{"name":"component---src-pages-404-js-a6a3a95ec527a98a22e7.js","size":1052}],"filteredAssets":0,"assetsSize":21666,"filteredAuxiliaryAssets":3,"auxiliaryAssetsSize":1509425},"component---src-pages-index-js":{"name":"component---src-pages-index-js","assets":[{"name":"cb355538-5128e9946b3940bc3c75.js","size":2284},{"name":"commons-ede7dcb8cb6b931a832d.js","size":18330},{"name":"component---src-pages-index-js-d227fcffa2b6daeb4dda.js","size":30470}],"filteredAssets":0,"assetsSize":51084,"filteredAuxiliaryAssets":4,"auxiliaryAssetsSize":3843931}},"assetsByChunkName":{"app":["webpack-runtime-7b409c75e15a2b3d8729.js","framework-9d608f77b5c9a88afabd.js","styles.ddf42a4ca6b583361482.css","app-1484788836e680779608.js"],"component---src-pages-404-js":["cb355538-5128e9946b3940bc3c75.js","commons-ede7dcb8cb6b931a832d.js","component---src-pages-404-js-a6a3a95ec527a98a22e7.js"],"component---src-pages-index-js":["cb355538-5128e9946b3940bc3c75.js","commons-ede7dcb8cb6b931a832d.js","component---src-pages-index-js-d227fcffa2b6daeb4dda.js"]},"childAssetsByChunkName":{}}